-- phpMyAdmin SQL Dump
-- version 4.0.10deb1
-- http://www.phpmyadmin.net
--
-- Servidor: 127.0.0.1
-- Tempo de Geração: 11/12/2018 às 23:09
-- Versão do servidor: 5.5.57-0ubuntu0.14.04.1
-- Versão do PHP: 5.5.9-1ubuntu4.22

SET SQL_MODE = "NO_AUTO_VALUE_ON_ZERO";
SET time_zone = "+00:00";


/*!40101 SET @OLD_CHARACTER_SET_CLIENT=@@CHARACTER_SET_CLIENT */;
/*!40101 SET @OLD_CHARACTER_SET_RESULTS=@@CHARACTER_SET_RESULTS */;
/*!40101 SET @OLD_COLLATION_CONNECTION=@@COLLATION_CONNECTION */;
/*!40101 SET NAMES utf8 */;

--
-- Banco de dados: `llldc21_data_form`
--

-- --------------------------------------------------------

--
-- Estrutura para tabela `TB_ALTERNATIVA`
--

CREATE TABLE IF NOT EXISTS `TB_ALTERNATIVA` (
  `CD_ALTERNATIVA` int(11) NOT NULL AUTO_INCREMENT,
  `NM_ALTERNATIVA` varchar(45) NOT NULL,
  `ID_PERGUNTA` int(11) NOT NULL,
  PRIMARY KEY (`CD_ALTERNATIVA`),
  KEY `fk_TB_ALTERNATIVA_TB_PERGUNTA1_idx` (`ID_PERGUNTA`)
) ENGINE=InnoDB  DEFAULT CHARSET=latin1 AUTO_INCREMENT=14 ;

--
-- Fazendo dump de dados para tabela `TB_ALTERNATIVA`
--

INSERT INTO `TB_ALTERNATIVA` (`CD_ALTERNATIVA`, `NM_ALTERNATIVA`, `ID_PERGUNTA`) VALUES
(7, 'SDFWS', 8),
(8, 'FWASEDSFW', 8),
(9, 'FWSAEFEDF', 9),
(10, 'EFR5GAERT', 9),
(11, 'weffd', 7),
(12, 'efd', 8),
(13, 'teste ', 10);

-- --------------------------------------------------------

--
-- Estrutura para tabela `TB_CATEGORIA`
--

CREATE TABLE IF NOT EXISTS `TB_CATEGORIA` (
  `CD_CATEGORIA` int(11) NOT NULL AUTO_INCREMENT,
  `NM_CATEGORIA` varchar(45) DEFAULT NULL,
  PRIMARY KEY (`CD_CATEGORIA`)
) ENGINE=InnoDB  DEFAULT CHARSET=latin1 AUTO_INCREMENT=5 ;

--
-- Fazendo dump de dados para tabela `TB_CATEGORIA`
--

INSERT INTO `TB_CATEGORIA` (`CD_CATEGORIA`, `NM_CATEGORIA`) VALUES
(1, 'Nulo'),
(2, 'Administração'),
(3, 'Informática'),
(4, 'Meio Ambiente');

-- --------------------------------------------------------

--
-- Estrutura para tabela `TB_FORMULARIO`
--

CREATE TABLE IF NOT EXISTS `TB_FORMULARIO` (
  `CD_FORMULARIO` int(11) NOT NULL AUTO_INCREMENT,
  `NM_FORMULARIO` varchar(45) NOT NULL,
  `DT_ABERTURA_FORM` varchar(10) DEFAULT NULL,
  `DT_FECHAMENTO_FORM` varchar(10) DEFAULT NULL,
  `ID_USUARIO` int(11) NOT NULL,
  `ID_CATEGORIA` int(11) NOT NULL,
  `DS_FORMULARIO` varchar(100) NOT NULL,
  PRIMARY KEY (`CD_FORMULARIO`),
  KEY `fk_TB_FORMULARIO_TB_USUARIO_idx` (`ID_USUARIO`),
  KEY `fk_TB_FORMULARIO_TB_CATEGORIA1_idx` (`ID_CATEGORIA`)
) ENGINE=InnoDB  DEFAULT CHARSET=latin1 AUTO_INCREMENT=24 ;

--
-- Fazendo dump de dados para tabela `TB_FORMULARIO`
--

INSERT INTO `TB_FORMULARIO` (`CD_FORMULARIO`, `NM_FORMULARIO`, `DT_ABERTURA_FORM`, `DT_FECHAMENTO_FORM`, `ID_USUARIO`, `ID_CATEGORIA`, `DS_FORMULARIO`) VALUES
(22, 'wES', '01/01/1970', '01/01/1970', 5, 1, 'fjnejf'),
(23, 'FWERF', '01/01/1970', '01/01/1970', 5, 1, 'EWFFED');

-- --------------------------------------------------------

--
-- Estrutura para tabela `TB_PERGUNTA`
--

CREATE TABLE IF NOT EXISTS `TB_PERGUNTA` (
  `CD_PERGUNTA` int(11) NOT NULL AUTO_INCREMENT,
  `NM_PERGUNTA` varchar(200) NOT NULL,
  `ID_TIPO_PERGUNTA` int(11) NOT NULL,
  `ID_FORMULARIO` int(11) NOT NULL,
  PRIMARY KEY (`CD_PERGUNTA`),
  KEY `fk_TB_PERGUNTA_TB_TIPO_PERGUNTA1_idx` (`ID_TIPO_PERGUNTA`),
  KEY `fk_TB_PERGUNTA_TB_FORMULARIO1_idx` (`ID_FORMULARIO`)
) ENGINE=InnoDB  DEFAULT CHARSET=latin1 AUTO_INCREMENT=12 ;

--
-- Fazendo dump de dados para tabela `TB_PERGUNTA`
--

INSERT INTO `TB_PERGUNTA` (`CD_PERGUNTA`, `NM_PERGUNTA`, `ID_TIPO_PERGUNTA`, `ID_FORMULARIO`) VALUES
(7, 'EGRD', 5, 22),
(8, 'EWFDF', 6, 22),
(9, 'WEFDWSF', 7, 22),
(10, 'EWFDWEDF', 8, 22),
(11, 'FEDWRGRFGERSAG', 8, 23);

-- --------------------------------------------------------

--
-- Estrutura para tabela `TB_RESPOSTA`
--

CREATE TABLE IF NOT EXISTS `TB_RESPOSTA` (
  `CD_RESPOSTA` int(11) NOT NULL AUTO_INCREMENT,
  `ID_ALTERNATIVA` int(11) NOT NULL,
  PRIMARY KEY (`CD_RESPOSTA`),
  KEY `fk_TB_RESPOSTA_TB_ALTERNATIVA1_idx` (`ID_ALTERNATIVA`)
) ENGINE=InnoDB  DEFAULT CHARSET=latin1 AUTO_INCREMENT=8 ;

--
-- Fazendo dump de dados para tabela `TB_RESPOSTA`
--

INSERT INTO `TB_RESPOSTA` (`CD_RESPOSTA`, `ID_ALTERNATIVA`) VALUES
(4, 7),
(5, 8),
(7, 10),
(3, 11),
(6, 12);

-- --------------------------------------------------------

--
-- Estrutura para tabela `TB_TIPO_PERGUNTA`
--

CREATE TABLE IF NOT EXISTS `TB_TIPO_PERGUNTA` (
  `CD_TIPO_PERGUNTA` int(11) NOT NULL AUTO_INCREMENT,
  `NM_TIPO_PERGUNTA` varchar(45) NOT NULL,
  PRIMARY KEY (`CD_TIPO_PERGUNTA`)
) ENGINE=InnoDB  DEFAULT CHARSET=latin1 AUTO_INCREMENT=9 ;

--
-- Fazendo dump de dados para tabela `TB_TIPO_PERGUNTA`
--

INSERT INTO `TB_TIPO_PERGUNTA` (`CD_TIPO_PERGUNTA`, `NM_TIPO_PERGUNTA`) VALUES
(5, 'Resposta Curta'),
(6, 'Resposta Longa'),
(7, 'Alternativa'),
(8, 'Multípla Escolha');

-- --------------------------------------------------------

--
-- Estrutura para tabela `TB_USUARIO`
--

CREATE TABLE IF NOT EXISTS `TB_USUARIO` (
  `CD_USUARIO` int(11) NOT NULL AUTO_INCREMENT,
  `NM_USUARIO` varchar(100) NOT NULL,
  `DS_EMAIL` varchar(45) NOT NULL,
  `DT_NASCIMENTO` varchar(10) NOT NULL,
  `DS_SENHA` varchar(45) NOT NULL,
  `IMG_USUARIO` varchar(150) DEFAULT NULL,
  `CPF` varchar(14) NOT NULL,
  PRIMARY KEY (`CD_USUARIO`)
) ENGINE=InnoDB  DEFAULT CHARSET=latin1 AUTO_INCREMENT=6 ;

--
-- Fazendo dump de dados para tabela `TB_USUARIO`
--

INSERT INTO `TB_USUARIO` (`CD_USUARIO`, `NM_USUARIO`, `DS_EMAIL`, `DT_NASCIMENTO`, `DS_SENHA`, `IMG_USUARIO`, `CPF`) VALUES
(3, 'Lucas Lima', 'llldc21@gmail.com', '09/12/1996', '38330384f6f2b7782739f774063c8748', 'back_end/fotos/llldc21@gmail.com.com', '462.298.858-59'),
(4, 'aa', 'aa@aa.com', '02/02/2000', 'a7431f0258c9b308a73d337c20ca9ee6', 'back_end/fotos/aa@aa.com.jpg', '666.666.666-66'),
(5, 'Wesllen Santos', 'wes@wes.com', '08/05/2000', '013de0c99e66d589b96d74eb85d44c58', 'back_end/fotos/wes@wes.com.jpg', '000.000.000-00');

--
-- Restrições para dumps de tabelas
--

--
-- Restrições para tabelas `TB_ALTERNATIVA`
--
ALTER TABLE `TB_ALTERNATIVA`
  ADD CONSTRAINT `fk_TB_ALTERNATIVA_TB_PERGUNTA1` FOREIGN KEY (`ID_PERGUNTA`) REFERENCES `TB_PERGUNTA` (`CD_PERGUNTA`) ON DELETE CASCADE ON UPDATE CASCADE;

--
-- Restrições para tabelas `TB_FORMULARIO`
--
ALTER TABLE `TB_FORMULARIO`
  ADD CONSTRAINT `fk_TB_FORMULARIO_TB_CATEGORIA1` FOREIGN KEY (`ID_CATEGORIA`) REFERENCES `TB_CATEGORIA` (`CD_CATEGORIA`) ON DELETE CASCADE ON UPDATE CASCADE,
  ADD CONSTRAINT `fk_TB_FORMULARIO_TB_USUARIO` FOREIGN KEY (`ID_USUARIO`) REFERENCES `TB_USUARIO` (`CD_USUARIO`) ON DELETE CASCADE ON UPDATE CASCADE;

--
-- Restrições para tabelas `TB_PERGUNTA`
--
ALTER TABLE `TB_PERGUNTA`
  ADD CONSTRAINT `fk_TB_PERGUNTA_TB_FORMULARIO1` FOREIGN KEY (`ID_FORMULARIO`) REFERENCES `TB_FORMULARIO` (`CD_FORMULARIO`) ON DELETE CASCADE ON UPDATE CASCADE,
  ADD CONSTRAINT `fk_TB_PERGUNTA_TB_TIPO_PERGUNTA1` FOREIGN KEY (`ID_TIPO_PERGUNTA`) REFERENCES `TB_TIPO_PERGUNTA` (`CD_TIPO_PERGUNTA`) ON DELETE CASCADE ON UPDATE CASCADE;

--
-- Restrições para tabelas `TB_RESPOSTA`
--
ALTER TABLE `TB_RESPOSTA`
  ADD CONSTRAINT `fk_TB_RESPOSTA_TB_ALTERNATIVA1` FOREIGN KEY (`ID_ALTERNATIVA`) REFERENCES `TB_ALTERNATIVA` (`CD_ALTERNATIVA`) ON DELETE CASCADE ON UPDATE CASCADE;

/*!40101 SET CHARACTER_SET_CLIENT=@OLD_CHARACTER_SET_CLIENT */;
/*!40101 SET CHARACTER_SET_RESULTS=@OLD_CHARACTER_SET_RESULTS */;
/*!40101 SET COLLATION_CONNECTION=@OLD_COLLATION_CONNECTION */;
